<?xml version="1.0" encoding="UTF-8" standalone="yes"?>
<addon id="plugin.video.BrazucaPlay.Matrix" name="[B][COLOR white]Samuca's Tv[/COLOR][/B]" version="2.1.4" provider-name="[B][COLOR white]Brazuca Play[/COLOR][/B]">
<requires>
<import addon="script.module.six"/>
<import addon="script.module.kodi-six"/>
<import addon="script.module.requests"/>
<import addon="script.module.simplejson"/>
<import addon="script.module.beautifulsoup4"/>
<import addon="script.module.resolveurl" optional="true"/>
<import addon="script.module.jsbeautifier" optional="true"/>
<import addon="inputstream.ffmpegdirect" optional="true"/>
<import addon="script.module.inputstreamhelper" optional="true"/>
</requires>
<extension point="xbmc.python.pluginsource" library="default.py">
<provides>video</provides>
</extension>
<extension point="xbmc.addon.repository" name="[B][COLOR white]Samuca's Tv [COLOR blue]Repo[/COLOR][/COLOR][/B]">
<dir minversion="16.0.0" maxversion="18.9.0">
<info compressed="false">https://raw.githubusercontent.com/samuelwesleydev/brazucaplay/master/addons/repo/addons.xml</info>
<checksum>https://raw.githubusercontent.com/samuelwesleydev/brazucaplay/master/addons/repo/addons.xml.md5</checksum>
<datadir zip="true">https://raw.githubusercontent.com/samuelwesleydev/brazucaplay/master/addons/repo/Plugins/</datadir>
<hashes>false</hashes>
</dir>
<dir minversion="18.9.1">
<info compressed="false">https://raw.githubusercontent.com/samuelwesleydev/brazucaplay/master/addons/repo/addons_matrix.xml</info>
<checksum>https://raw.githubusercontent.com/samuelwesleydev/brazucaplay/master/addons/repo/addons_matrix.xml.md5</checksum>
<datadir zip="true">https://raw.githubusercontent.com/samuelwesleydev/brazucaplay/master/addons/repo/Plugins/</datadir>
<hashes>false</hashes>
</dir>
<dir>
<info compressed="false">https://raw.githubusercontent.com/Gujal00/smrzips/master/addons.xml</info>
<checksum>https://raw.githubusercontent.com/Gujal00/smrzips/master/addons.xml.md5</checksum>
<datadir zip="true">https://raw.githubusercontent.com/Gujal00/smrzips/master/zips/</datadir>
</dir>
</extension>
<extension point="xbmc.addon.metadata">
<summary>[B][COLOR white]TV, Filmes, Séries, Desenhos e Animes.[/COLOR]</summary>
<description>Samuca's Tv</description>
<disclaimer>Samuca's Tv</disclaimer>
<news>Samuca's Tv</news>
<platform>all</platform>
<reuselanguageinvoker>true</reuselanguageinvoker>
<assets>
<icon>icon.png</icon>
<fanart>fanart.jpg</fanart>
<screenshot>resources/screenshots/home.jpg</screenshot>
<screenshot>resources/screenshots/movies.jpg</screenshot>
<screenshot>resources/screenshots/series.jpg</screenshot>
</assets>
</extension>
</addon>