﻿<?xml version="1.0" encoding="UTF-8" standalone="yes"?>
<addon id="repository.BrazucaPlay" name="[B][COLOR white]Brazuca Play [COLOR blue]Repo[/COLOR][/COLOR][/B]" version="1.5" provider-name="Brazuca Play">
<requires>
<import addon="xbmc.addon" version="12.0.0"/>
</requires>
<extension point="xbmc.addon.repository" name="Brazuca Play Repository">
<dir minversion="16.0.0" maxversion="18.9.0">
<info compressed="false">https://raw.githubusercontent.com/samuelwesleydev/brazucaplay/master/addons/repo/addons.xml</info>
<checksum>https://raw.githubusercontent.com/samuelwesleydev/brazucaplay/master/addons/repo/addons.xml.md5</checksum>
<datadir zip="true">https://raw.githubusercontent.com/samuelwesleydev/brazucaplay/master/addons/repo/Plugins/</datadir>
<hashes>false</hashes>
</dir>
<dir minversion="18.9.1">
<info compressed="false">https://raw.githubusercontent.com/samuelwesleydev/brazucaplay/master/addons/repo/addons_matrix.xml</info>
<checksum>https://raw.githubusercontent.com/samuelwesleydev/brazucaplay/master/addons/repo/addons_matrix.xml.md5</checksum>
<datadir zip="true">https://raw.githubusercontent.com/samuelwesleydev/brazucaplay/master/addons/repo/Plugins/</datadir>
<hashes>false</hashes>
</dir>
<dir>
<info compressed="false">https://raw.githubusercontent.com/Gujal00/smrzips/master/addons.xml</info>
<checksum>https://raw.githubusercontent.com/Gujal00/smrzips/master/addons.xml.md5</checksum>
<datadir zip="true">https://raw.githubusercontent.com/Gujal00/smrzips/master/zips/</datadir>
</dir>
</extension>
<extension point="xbmc.addon.metadata">
<summary lang="pt_br"></summary>
<description lang="pt_br"></description>
<platform>all</platform>
<assets>
<icon>icon.png</icon>
<fanart>fanart.jpg</fanart>
<screenshot>resources/home.jpg</screenshot>
<screenshot>resources/movies.jpg</screenshot>
<screenshot>resources/series.jpg</screenshot>
</assets>
<news>
Samuca's TV
</news>
<summary>Samuca's TV</summary>
<description>
Samuca's TV
</description>
<disclaimer>Samuca's TV</disclaimer>
</extension>
</addon>